Cost_f,Counts,bit_list,avg_density
"[0.052148314668695295, 0.2581754762594888, 0.31507593375569254, 0.37580638235754427, 0.3989013344203137, 0.41709454989019834, 0.4351924371595084, 0.48528487171055434, 0.4902959911819018, 0.5064346355307197, 0.6477960814070841, 0.6645649979772517, 0.6808317977414926, 0.6863365058326034, 0.699049716989159, 0.7189359813609845, 0.7415498965044405, 0.7538942943677132, 0.7598229710469642, 0.7647147093033722]","[1, 11, 2, 1, 57, 14, 1, 4, 2, 2, 118, 1, 85, 413, 66, 14, 121, 17, 1, 69]","[(0, 0, 0, 0, 0, 0, 0, 1, 0, 0, 0, 0, 0, 0), (0, 0, 0, 0, 1, 1, 0, 0, 0, 0, 0, 0, 0, 0), (0, 0, 0, 0, 1, 0, 0, 1, 0, 0, 0, 0, 0, 0), (0, 0, 0, 0, 0, 1, 0, 0, 0, 0, 0, 0, 1, 0), (0, 0, 0, 0, 0, 0, 1, 1, 0, 0, 0, 0, 0, 0), (1, 0, 0, 0, 0, 1, 0, 0, 0, 0, 0, 0, 0, 0), (0, 0, 0, 0, 0, 1, 0, 0, 0, 0, 0, 1, 0, 0), (0, 0, 0, 0, 0, 0, 0, 1, 0, 0, 0, 1, 0, 0), (0, 0, 0, 1, 0, 0, 0, 1, 0, 0, 0, 0, 0, 0), (0, 0, 0, 0, 0, 0, 0, 1, 0, 0, 1, 0, 0, 0), (0, 0, 0, 0, 1, 1, 0, 0, 0, 0, 0, 0, 1, 0), (0, 0, 0, 0, 1, 0, 1, 0, 0, 0, 0, 0, 0, 0), (0, 0, 0, 0, 1, 1, 1, 0, 0, 0, 0, 0, 0, 0), (1, 0, 0, 0, 1, 1, 0, 0, 0, 0, 0, 0, 0, 0), (0, 0, 0, 0, 1, 1, 0, 0, 0, 0, 0, 1, 0, 0), (0, 0, 0, 0, 1, 1, 0, 0, 0, 0, 1, 0, 0, 0), (0, 0, 0, 0, 1, 0, 1, 1, 0, 0, 0, 0, 0, 0), (0, 0, 0, 0, 1, 0, 0, 1, 0, 0, 0, 1, 0, 0), (0, 0, 1, 0, 1, 1, 0, 0, 0, 0, 0, 0, 0, 0), (1, 0, 0, 0, 0, 1, 1, 0, 0, 0, 0, 0, 0, 0)]","[0.496, 0.0, 0.001, 0.002, 0.849, 0.793, 0.333, 0.206, 0.0, 0.0, 0.016, 0.088, 0.119, 0.0]"
