dataset,chi2_statistic,chi2_p_value,min_expected_count,clases_ausentes
breast_cancer_wisconsin,0.006475441686112278,0.9967675149228988,31.669595782073813,0
customer_churn,2.354911176960658e-07,0.9999998822544481,28625.03657856054,0
madelon,0.0,1.0,150.0,0
olive_oil_3class,0.05144056971074432,0.999674850749614,14.734265734265735,0
olive_oil_9class,0.5669704368584189,0.9999999991956204,3.7587412587412588,0
