feature,palmitoleic,stearic,oleic,linoleic,linolenic,arachidic,eicosenoic,other
palmitoleic,0.0,0.39745792492924686,0.047731864221725234,0.4573950788389517,0.1650672296894777,0.1376086324934005,0.12898659413056734,0.3292770478164875
stearic,0.39745792492924686,0.0,0.06386492551683476,0.498001081476215,0.2526001255845931,0.11498041775340526,0.09728973799860502,0.3640365338163482
oleic,0.047731864221725234,0.06386492551683476,0.0,0.06716029911563348,0.15446594162989447,0.1095185735795003,0.09120641094913753,0.06060020641581061
linoleic,0.4573950788389517,0.498001081476215,0.06716029911563348,0.0,0.5137499679806938,0.10956758522486681,0.14621337686674807,0.2533531639210344
linolenic,0.1650672296894777,0.2526001255845931,0.15446594162989447,0.5137499679806938,0.0,0.19102455699533616,0.16026113392650643,0.13471111226573287
arachidic,0.1376086324934005,0.11498041775340526,0.1095185735795003,0.10956758522486681,0.19102455699533616,0.0,0.2893616969872398,0.25182246176667744
eicosenoic,0.12898659413056734,0.09728973799860502,0.09120641094913753,0.14621337686674807,0.16026113392650643,0.2893616969872398,0.0,0.21918454332226578
other,0.3292770478164875,0.3640365338163482,0.06060020641581061,0.2533531639210344,0.13471111226573287,0.25182246176667744,0.21918454332226578,0.0
