dataset,filas,features,ratio_features_muestras,supera_referencia_020,target_clases,pca_varianza_2,pca_varianza_5,n_pca_usado
breast_cancer_wisconsin,569,30,0.05272407732864675,False,2,0.6324320765155944,0.8473427431680725,569
customer_churn,440832,10,2.268437862950058e-05,False,2,0.36215812053359653,0.7692166809508724,6000
madelon,2000,500,0.25,True,2,0.02297460924654002,0.04291341048349589,2000
olive_oil,572,10,0.017482517482517484,False,9,0.7092058680173952,0.9443283051415238,572
