dataset,filas,features,variables_categoricas,columnas_duplicadas,target_clases,ratio_mayoritaria_minoritaria,pares_abs_spearman_ge_085,abs_spearman_maxima,vif_max,ratio_features_muestras,pca_varianza_2,pca_varianza_5,nulos_totales,infinitos_totales
breast_cancer_wisconsin,569,30,0,0,2,1.6839622641509435,29,0.9996020278067482,3806.1152963980703,0.05272407732864675,0.6324320765155944,0.8473427431680725,0,0
customer_churn,440832,10,3,0,2,1.3100407162283252,0,0.1990946541633922,1.098390629863101,2.268437862950058e-05,0.36215812053359653,0.7692166809508724,0,0
madelon,2000,500,0,0,2,1.0,12,0.996144834595519,116.63072961587397,0.25,0.02297460924654002,0.04291341048349589,0,0
olive_oil,572,10,0,0,9,8.24,2,0.9164743397873972,325.9371330765516,0.017482517482517484,0.7092058680173952,0.9443283051415238,0,0
