dataset,variables_numericas,pares_evaluados,pares_abs_pearson_ge_085,pares_abs_spearman_ge_085,abs_pearson_maxima,abs_spearman_maxima,vif_max,vif_mediana,variables_vif_ge_10
breast_cancer_wisconsin,30,435,29,29,0.9978552814938109,0.9996020278067482,3806.1152963980703,25.41612822357107,23
customer_churn,7,21,0,0,0.2215936717028085,0.1990946541633922,1.098390629863101,1.0298181133318793,0
madelon,500,124750,12,12,0.9904291879454016,0.996144834595519,116.63072961587397,1.333521546219209,20
olive_oil,10,45,3,2,0.9515296879058531,0.9164743397873972,325.9371330765516,11.490752775186085,5
