dataset,variables_comunes,spearman_rankings_raw_processed,mi_spearman_raw_processed,delta_mi_medio,fdr_significativas_005,proporcion_fdr_significativas_005,efecto_post_maximo_spearman,efecto_post_mediano_spearman,top_k,top_k_overlap,top_k_overlap_ratio
breast_cancer_wisconsin,30,0.9995550611790878,0.9982202447163514,0.0019768561223081943,27,0.9,0.7963185971607477,0.547763599953822,10,10,1.0
customer_churn,7,1.0,1.0,0.002978328871758862,7,1.0,0.5520580172175934,0.20438494947285257,7,6,0.8571428571428571
madelon,500,1.0,0.9999999999999998,0.0,13,0.026,0.22698635809225653,0.01684703514123643,10,10,1.0
olive_oil,10,0.9878787878787878,0.9636363636363635,0.017997468890199198,6,0.6,0.5739230084484801,0.15670934678670911,10,9,0.9
