dataset,method,family,seed,k,feature,rank,score,selected,elapsed_seconds,sample_size,status
olive_oil_9class,variance,filtros,13,3,stearic,1,1.0025062656641608,True,0.0001897653564810753,400,ok
olive_oil_9class,variance,filtros,13,3,oleic,2,1.0025062656641603,True,0.0001897653564810753,400,ok
olive_oil_9class,variance,filtros,13,3,linoleic,3,1.0025062656641603,True,0.0001897653564810753,400,ok
olive_oil_9class,variance,filtros,42,3,stearic,1,1.0025062656641608,True,0.00014633405953645706,400,ok
olive_oil_9class,variance,filtros,42,3,oleic,2,1.0025062656641603,True,0.00014633405953645706,400,ok
olive_oil_9class,variance,filtros,42,3,linoleic,3,1.0025062656641603,True,0.00014633405953645706,400,ok
olive_oil_9class,variance,filtros,97,3,stearic,1,1.0025062656641608,True,0.00013124477118253708,400,ok
olive_oil_9class,variance,filtros,97,3,oleic,2,1.0025062656641603,True,0.00013124477118253708,400,ok
olive_oil_9class,variance,filtros,97,3,linoleic,3,1.0025062656641603,True,0.00013124477118253708,400,ok
