feature,palmitoleic,stearic,oleic,linoleic,linolenic,arachidic,eicosenoic,other
palmitoleic,0.0,0.6915768833325131,0.10963817020138955,0.8842444860278085,0.4011037051882471,0.21297788122101458,0.19272549675976225,0.4960650696049289
stearic,0.6915768833325131,0.0,0.17664986566505925,0.8301527517229303,0.5284336258534064,0.19912486243333727,0.21230895195313915,0.38229973592308486
oleic,0.10963817020138955,0.17664986566505925,0.0,0.15266886287437087,0.31814716772633855,0.19673450075167476,0.10935946163874899,0.08581709286628425
linoleic,0.8842444860278085,0.8301527517229303,0.15266886287437087,0.0,0.9293521348201781,0.28357854085052003,0.29164021840168797,0.26562949356119847
linolenic,0.4011037051882471,0.5284336258534064,0.31814716772633855,0.9293521348201781,0.0,0.27954317461440636,0.26977745531097663,0.18686913424210094
arachidic,0.21297788122101458,0.19912486243333727,0.19673450075167476,0.28357854085052003,0.27954317461440636,0.0,0.3849025329017757,0.4037134399815996
eicosenoic,0.19272549675976225,0.21230895195313915,0.10935946163874899,0.29164021840168797,0.26977745531097663,0.3849025329017757,0.0,0.31515854828685486
other,0.4960650696049289,0.38229973592308486,0.08581709286628425,0.26562949356119847,0.18686913424210094,0.4037134399815996,0.31515854828685486,0.0
