dataset,variables_numericas,outlier_rate_media,outlier_rate_maxima,skew_abs_media,skew_abs_maxima
breast_cancer_wisconsin,30,0.03561804335090803,0.11423550087873462,1.7404066998407544,5.447186284898394
customer_churn,7,0.0,0.0,0.26215064662514587,0.6668085055364663
madelon,500,0.008959,0.143,0.05576197783130581,0.18018753390878825
olive_oil,10,0.017657342657342655,0.08916083916083917,0.5124509173324381,0.9899399099437844
